id,name,artist,gender,price
100,Andree,Shelba,black metal,694
101,Benita,Egbert,metal,138
102,Ann-Marie,Meter,rock,440
103,Shaylyn,Briney,metal,699
104,Katuscha,Atcliffe,rock,785
105,Lila,Goerke,metal,152
106,Rosene,Paton,rock,186
107,Sashenka,Artie,metal,503
108,Jordan,Carolin,rock,150
109,Eugine,McNully,rock,915
110,Lacie,Dimitris,metal,34
111,Joleen,Docilla,black metal,993
112,Morganica,Serilda,metal,583
113,Halette,McNully,black metal,25
114,Desirae,Seagraves,metal,963
115,Kellen,Raimondo,rock,149
116,Rubie,Fabiola,metal,725
117,Fayre,Dannye,metal,524
118,Rori,Ailyn,rock,671
119,Brana,Bahr,black metal,836
120,Averyl,Yuille,rock,259
121,Amelia,Alabaster,black metal,939
122,Aubrie,Larochelle,rock,974
123,Glynnis,Adore,metal,567
124,Oralee,Hirsch,metal,77
125,Mathilda,Arquit,metal,915
126,Merci,Stefa,rock,699
127,Leeanne,Loring,rock,437
128,Shaine,Maribeth,metal,894
129,Frances,Aurelio,rock,956
130,Max,Isidore,metal,666
131,Gerrie,Johnsson,black metal,169
132,Claudina,Oneida,rock,680
133,Cissiee,Yoko,rock,575
134,Basia,Aloise,rock,881
135,Sallie,Secrest,rock,747
136,Sadie,Lorain,metal,440
137,Barbara,Destinee,metal,339
138,Roseline,Hirsch,black metal,475
139,Elmira,Tillford,black metal,733
140,Cissiee,Payson,rock,775
141,Mathilda,Buffum,black metal,915
142,Zsa Zsa,Gibbeon,black metal,865
143,Annora,Sikorski,metal,249
144,Elmira,Arvo,metal,701
145,Ottilie,Mullane,metal,840
146,Alleen,Bashemeth,black metal,174
147,Evaleen,Monk,black metal,945
148,Phylis,Angelis,rock,432
149,Mureil,Anastatius,rock,452
150,Roxane,Brandice,metal,378
151,Amelia,Drus,black metal,622
152,Dianemarie,Justinn,rock,8
153,Anallese,Gahl,metal,226
154,Daryl,Sandye,metal,69
155,Briney,Zaslow,black metal,133
156,Frank,Mendez,black metal,916
157,Kirstin,Lemuela,black metal,431
158,Vinita,Erskine,metal,196
159,Elyssa,Hull,black metal,598
160,Dorthy,Alfons,metal,248
161,Tomasina,Berard,rock,856
162,Berta,Carri,metal,470
163,Maisey,Nea,metal,879
164,Shell,Gilmour,metal,674
165,Augustine,Geffner,rock,321
166,Britni,Ajay,rock,98
167,Anallese,Miru,black metal,749
168,Therine,Tayib,black metal,151
169,Myriam,Tound,metal,113
170,Magdalena,Munn,metal,184
171,Cherilyn,Felecia,rock,465
172,Liana,Junie,metal,208
173,Belva,Orelee,metal,740
174,Joeann,Zeeba,black metal,80
175,Misha,Mozelle,rock,976
176,Lexine,Hermes,black metal,115
177,Hermione,Shama,metal,588
178,Bobinette,Bobbee,metal,152
179,Pearline,Anestassia,black metal,771
180,Yetty,Hurley,black metal,275
181,Misha,Evvie,rock,493
182,Lelah,Gusella,metal,919
183,Meriel,Hoban,metal,386
184,Roxane,Clie,rock,718
185,Lauryn,Stover,metal,163
186,Paulita,Gusella,metal,372
187,Mahalia,Allare,black metal,823
188,Queenie,Pillsbury,rock,63
189,Cissiee,Fontana,rock,880
190,Nikki,Shanley,metal,301
191,Libbie,Girardo,black metal,604
192,Valera,Ventre,black metal,173
193,Gerrie,Andrel,rock,695
194,Leona,Reidar,metal,766
195,Jany,Franza,metal,837
196,Dorice,Graig,metal,480
197,Abbie,Saree,metal,165
198,Eadie,Lilybelle,rock,107
199,Kassey,Maiah,metal,108
200,Bibby,Marijo,metal,336
201,Cindelyn,Fry,black metal,396
202,Georgetta,Tremayne,rock,962
203,Ernesta,Pearse,rock,699
204,Silvana,Louanna,rock,496
205,Kial,Decato,metal,333
206,Viviene,Myrilla,rock,347
207,Flory,Ioab,rock,603
208,Britte,Vittoria,black metal,884
209,Marleah,Winthorpe,black metal,689
210,Cissiee,Oneida,metal,109
211,Perry,Mintz,metal,98
212,Ardeen,Gaulin,black metal,22
213,Roz,Malvino,black metal,893
214,Jany,Elephus,rock,747
215,Marnia,Barbey,metal,427
216,Tabbatha,Cleavland,black metal,837
217,Krystle,Roche,metal,413
218,Brynna,Greenwald,black metal,216
219,Joelly,Wesle,metal,217
220,Emelina,Ioab,rock,825
221,Merci,Fitzsimmons,metal,757
222,Nelle,Brady,metal,326
223,Carlie,Roxanna,rock,522
224,Dulcinea,Kirbee,metal,243
225,Lily,Chick,rock,24
226,Andeee,Letsou,metal,333
227,Agnese,Delp,metal,166
228,Cindelyn,Marsden,black metal,849
229,Nataline,Gaynor,metal,4
230,Adriana,Ambrosia,rock,770
231,Ruthe,Schonfeld,metal,549
232,Charissa,Gerge,black metal,473
233,Jere,Elbertina,black metal,268
234,Tabbatha,Roxanna,metal,230
235,Letizia,Deny,rock,883
236,Althea,Letsou,metal,360
237,Trudie,Grayce,metal,179
238,Zsa Zsa,Audly,metal,231
239,Monika,Myrilla,metal,335
240,Dyann,Greenwald,metal,742
241,Shandie,Georas,rock,518
242,Leia,Rolf,rock,816
243,Odessa,Stav,metal,883
244,Hollie,Trey,metal,181
245,Jere,Gillan,rock,71
246,Candi,Ellord,black metal,231
247,Pamella,Gaal,rock,441
248,Myrtice,Rese,metal,283
249,Allyce,Louanna,metal,827
250,Feliza,Ajay,rock,536
251,Zaria,Elvyn,metal,306
252,Augustine,Rustice,metal,623
253,Beverley,Georgy,metal,620
254,Cherilyn,Tryck,metal,934
255,Gale,Harned,black metal,843
256,Vonny,Kat,rock,959
257,Dotty,Sasnett,black metal,698
258,Lory,Ambrosia,rock,594
259,Amelia,Old,metal,577
260,Malina,Ruvolo,black metal,856
261,Hope,Wenda,rock,830
262,Steffane,Pacorro,black metal,107
263,Cherrita,Dituri,rock,597
264,Corry,Quinn,black metal,43
265,Celene,Tice,black metal,258
266,Rochette,Henebry,rock,838
267,Marjie,Cecile,rock,507
268,Gianina,Brieta,metal,446
269,Devina,Beebe,rock,548
270,Gisela,Warthman,metal,497
271,Tierney,Raul,rock,156
272,Rani,Khorma,black metal,829
273,Reeba,Nicoline,metal,827
274,Lenna,Fulmer,black metal,484
275,Aryn,Skell,metal,881
276,Ebonee,Nicoline,rock,847
277,Charlena,Pozzy,black metal,249
278,Barbi,Zeeba,black metal,641
279,Angela,Grosz,metal,104
280,Brynna,Tyson,black metal,670
281,Nollie,Kiersten,black metal,191
282,Nananne,Richers,black metal,96
283,Tamqrah,Warthman,rock,535
284,Lorenza,Durware,metal,286
285,Etta,Atcliffe,metal,808
286,Perry,Aida,black metal,260
287,Annaliese,Richers,metal,859
288,Wileen,Fabiola,black metal,789
289,Carilyn,Brittani,rock,518
290,Mellicent,Cullin,rock,898
291,Lanae,Neils,black metal,564
292,Chickie,Milde,black metal,24
293,Trudie,Abbot,metal,316
294,Beverley,Sancho,black metal,979
295,Yetty,Faso,rock,407
296,Marnia,Zetta,metal,753
297,Alleen,Herrera,black metal,731
298,Viki,Wattenberg,metal,144
299,Amalie,Fancie,black metal,668
300,Randa,Hartnett,rock,803
301,Steffane,Lymann,metal,322
302,Ardenia,Gillan,black metal,645
303,Adelle,Saunderson,rock,477
304,Roslyn,Prober,black metal,544
305,Flory,Cressida,metal,304
306,Lucy,Jotham,rock,752
307,Eolanda,Esmaria,black metal,862
308,Florencia,Sherrie,black metal,580
309,Anthia,Odell,metal,894
310,Addia,Kravits,black metal,247
311,Gianina,Merna,metal,947
312,Ernesta,McGrody,black metal,220
313,Tamqrah,Zuzana,rock,244
314,Cherrita,Gaal,black metal,666
315,Dyann,Seessel,metal,700
316,Linet,Waldron,rock,85
317,Felice,Brenn,black metal,952
318,Ingrid,Shaver,black metal,680
319,Sara-Ann,Donoghue,metal,268
320,Jean,Gemini,black metal,236
321,Amelia,Bearnard,metal,468
322,Alex,Berl,black metal,400
323,Alejandra,Liebermann,rock,628
324,Jenda,Sprage,black metal,75
325,Liana,Jorgan,rock,914
326,Delilah,Raama,rock,4
327,Frieda,Penelopa,rock,72
328,Kara-Lynn,Paton,rock,922
329,Cecile,Astra,rock,513
330,Vere,Kazimir,rock,946
331,Tersina,Euridice,rock,78
332,Corina,Juan,metal,258
333,Rubie,Ilka,black metal,963
334,Courtnay,Hamil,black metal,43
335,Cassondra,Emanuel,metal,197
336,Babita,My,rock,679
337,Patricia,Kristi,rock,501
338,Bee,Pitt,metal,363
339,Feliza,Elbertina,black metal,705
340,Marinna,Carey,metal,739
341,Elvira,Clara,black metal,822
342,Anthia,Fredi,metal,208
343,Kimmy,Dash,rock,982
344,Korrie,Hirsch,black metal,448
345,Charmaine,Fabiola,metal,878
346,Christal,Teryn,rock,407
347,Lynde,Pitt,rock,830
348,Betta,Goode,metal,157
349,Paule,Khorma,black metal,194
350,Jennica,Ailyn,metal,787
351,Dede,Dominy,metal,202
352,Marylou,Gibbeon,black metal,696
353,Mildrid,Tremayne,black metal,162
354,Raina,Sisile,black metal,616
355,Yolane,Tufts,black metal,112
356,Doralynne,Kiersten,metal,994
357,Hayley,Elbertina,metal,40
358,Melisent,Maribeth,rock,818
359,Bee,Martsen,metal,341
360,Anthia,Yoko,rock,919
361,Bibby,Diogenes,metal,423
362,Cacilie,Soneson,black metal,163
363,Millie,Sacken,metal,629
364,Christal,Longfellow,black metal,712
365,Kassey,Henebry,black metal,721
366,Aurore,Poppy,black metal,975
367,Bibby,Trace,rock,469
368,Cecile,Gerge,black metal,452
369,Konstance,Friede,metal,316
370,Letizia,Dearborn,rock,899
371,Ermengarde,Hilbert,metal,111
372,Lyssa,Allare,metal,193
373,Katleen,Baptlsta,black metal,754
374,Charlena,Oneida,rock,582
375,Ida,Judye,metal,627
376,Albertina,Guildroy,black metal,977
377,Courtnay,Bollay,rock,29
378,Penelopa,Palocz,metal,727
379,Ekaterina,Fax,metal,350
380,Gwenneth,Belldas,rock,488
381,Gloria,Mallon,rock,730
382,Fanchon,Wadell,rock,455
383,Angelique,Myrilla,black metal,837
384,Delilah,Gower,metal,406
385,Diena,Seessel,rock,571
386,Damaris,Diogenes,metal,133
387,Britni,Cadmar,rock,373
388,Philis,McNully,black metal,493
389,Hallie,Huggins,metal,342
390,Brooks,Gavrila,metal,455
391,Stacey,Suzetta,metal,93
392,Camile,Brackely,rock,192
393,Hildegaard,Lattie,rock,995
394,Codie,Gilbertson,rock,216
395,Ruthe,Argus,rock,497
396,Johna,Persse,metal,833
397,Orelia,Krystle,metal,825
398,Winifred,Wu,rock,429
399,Isa,Mich,metal,301
400,Karolina,Wadell,metal,289
401,Willetta,Damarra,metal,129
402,Cristine,Aida,black metal,862
403,Grier,Alcott,metal,150
404,Shaylyn,Lay,metal,802
405,Shauna,Dimitris,rock,535
406,Vinita,Fredi,black metal,639
407,Britte,Bigner,metal,516
408,Cherilyn,Shirberg,black metal,841
409,Belinda,Reidar,black metal,294
410,Nariko,Beniamino,rock,22
411,Shannah,Florina,metal,301
412,Kirstin,Cherianne,metal,235
413,Chickie,Fiester,rock,467
414,Ursulina,Bryna,metal,979
415,Almeta,Hathaway,black metal,333
416,Elise,Pearse,metal,354
417,Tabbatha,Vacuva,black metal,143
418,Chrystel,Delacourt,black metal,38
419,Alia,Noelyn,metal,699
420,Mureil,Adrienne,rock,365
421,Courtnay,Reidar,black metal,252
422,Dione,Lipson,black metal,953
423,Binny,Madelene,rock,233
424,Ginnie,Leopold,metal,379
425,Hermione,Forrer,black metal,285
426,Drucie,Tatianas,black metal,492
427,Susette,Peonir,rock,703
428,Delilah,Raychel,metal,390
429,Esmeralda,Bakerman,black metal,502
430,Abbie,Allina,rock,161
431,Aeriela,Sharl,metal,790
432,Adore,Anselmi,metal,554
433,Kassey,Autrey,black metal,82
434,Anica,Amethist,black metal,874
435,Perry,Virgin,rock,15
436,Gwyneth,Marden,rock,582
437,Xylina,Blisse,rock,176
438,Linzy,Macey,black metal,942
439,Belinda,Pitt,metal,822
440,Catharine,Rosette,rock,918
441,Raf,Gino,metal,755
442,Henriette,Newell,metal,1
443,Ekaterina,Therine,rock,554
444,Edyth,Fillbert,rock,242
445,Agathe,Kress,black metal,750
446,Shaine,Carvey,metal,713
447,Ayn,Kylander,rock,151
448,Chloris,Chrystel,rock,279
449,Sibella,Jarib,metal,893
450,Wanda,Ortrude,metal,701
451,Alex,Imelida,black metal,342
452,Katharina,Astra,black metal,138
453,Jenda,Estella,rock,136
454,Marika,Calhoun,black metal,687
455,Ana,Sekofski,black metal,475
456,Pamella,Gower,metal,663
457,Delilah,Sadowski,metal,33
458,Lenna,Prober,metal,778
459,Pollyanna,August,rock,9
460,Viviene,Faust,metal,558
461,Lonnie,Holtz,black metal,882
462,Paulita,Adore,black metal,338
463,Harrietta,Daniele,rock,457
464,Hettie,Zachary,black metal,146
465,Kittie,Dorcy,black metal,95
466,Ingrid,Trey,rock,895
467,Alyssa,Infield,rock,97
468,Trixi,Joli,rock,376
469,Nerta,Bakerman,black metal,560
470,Janis,Ade,rock,923
471,Beth,Jena,rock,851
472,Bernardine,Bethany,black metal,935
473,Dyann,Uird,metal,324
474,Elmira,Wind,rock,528
475,Adore,Ethban,metal,40
476,Lenna,Ball,rock,865
477,Marline,Mike,metal,384
478,Queenie,Pierette,metal,664
479,Wanda,Salvidor,rock,854
480,Dulcinea,Virgin,black metal,936
481,Andeee,Hourigan,black metal,54
482,Nita,Susannah,metal,869
483,Ronna,Vacuva,rock,658
484,Elbertina,Meter,rock,446
485,Henriette,Mintz,metal,467
486,Fernande,Wildermuth,rock,663
487,Sherrie,Leifeste,metal,65
488,Rebeca,Capello,rock,948
489,Maye,Persse,rock,714
490,Beth,Alcott,metal,802
491,Raquela,Pettiford,rock,392
492,Joeann,Toni,rock,614
493,Dagmar,Granoff,black metal,445
494,Grier,Imelida,black metal,328
495,Correy,Azeria,rock,883
496,Sallie,Bahr,metal,304
497,Gilda,Ezar,black metal,966
498,Bertine,Tound,rock,951
499,Ada,Tremayne,rock,416
500,Demetris,Anis,rock,138
501,Harmonia,Koehler,black metal,184
502,Moyna,Jobi,rock,235
503,Korrie,McClimans,metal,359
504,Riannon,Screens,rock,985
505,Leona,Koehler,metal,127
506,Sean,Clarissa,black metal,903
507,Cordi,Jaylene,metal,808
508,Konstance,Trace,metal,75
509,Sidoney,Knowling,metal,95
510,Hermione,McClimans,rock,110
511,Ebonee,Kirbee,black metal,197
512,Dianemarie,Loleta,rock,778
513,Vevay,Mauer,rock,200
514,Claresta,Middleton,rock,974
515,Caressa,Pearse,metal,396
516,Frances,Amadas,rock,788
517,Lynnea,Vary,rock,953
518,Deloria,Shuler,rock,667
519,Basia,Engdahl,black metal,397
520,Caressa,Joachim,black metal,56
521,Lindie,Malvino,metal,417
522,Kirstin,Kiersten,black metal,801
523,Daphne,Emerson,rock,782
524,Lorne,Yorick,metal,847
525,Nita,Pelagias,metal,868
526,Correy,Poll,black metal,310
527,Fawne,Bethany,rock,755
528,Calla,Mullane,black metal,147
529,Jordan,Brittani,black metal,52
530,Maridel,Tamar,black metal,750
531,Brietta,Edvard,rock,139
532,Tracey,Ajay,rock,747
533,Roxane,Bollay,rock,372
534,Alleen,Albertine,metal,198
535,Sindee,Ashely,black metal,673
536,Taffy,Hewitt,rock,963
537,Lusa,Jacqui,black metal,988
538,Jolyn,Bakerman,metal,347
539,Ekaterina,Grimbly,black metal,54
540,Fred,Gemini,rock,310
541,Catharine,Hazlett,rock,75
542,Eadie,Alfons,black metal,574
543,Lacie,Lareena,rock,800
544,Latisha,Flita,metal,445
545,Bernie,Shelba,black metal,304
546,Genevra,Means,rock,69
547,Tiffie,McNully,rock,911
548,Lynnea,Hubert,metal,254
549,Larine,Kylander,black metal,335
550,Jere,Sancho,rock,876
551,Randa,Harl,rock,596
552,Vere,Jacqui,black metal,370
553,Sue,Morehouse,rock,501
554,Clo,Paton,metal,547
555,Jolyn,Couture,metal,545
556,Liana,Earlie,metal,962
557,Jolyn,Haerr,rock,527
558,Wilma,Ludewig,rock,246
559,Jan,Ursulette,rock,726
560,Vanessa,Wareing,metal,388
561,Jany,Elbertina,rock,546
562,Jemie,Concha,black metal,957
563,Babita,Cottle,metal,755
564,Jeanna,Valoniah,black metal,837
565,Barbi,Tound,metal,600
566,Gusty,Eldrid,black metal,149
567,Cherilyn,Margarete,black metal,368
568,Roz,Lacombe,metal,745
569,Gusty,Olnee,black metal,487
570,Caryl,Belldas,black metal,760
571,Cherilyn,Gower,metal,486
572,Dania,Juan,black metal,213
573,Mara,Swigart,black metal,487
574,Liana,Millda,black metal,819
575,Aurelie,Honoria,rock,660
576,Lolita,Howlyn,black metal,216
577,Atlanta,Grimbly,black metal,278
578,Fayre,Atcliffe,black metal,47
579,Glenda,Decato,black metal,345
580,Kaja,Weitman,black metal,980
581,Brena,Francyne,rock,628
582,Konstance,Ephrem,black metal,283
583,Meghann,Phi,black metal,133
584,Deedee,Pauly,black metal,52
585,Lelah,Eno,black metal,242
586,Edith,Marsden,metal,172
587,Bill,Sallyann,black metal,784
588,Pollyanna,Constancy,rock,645
589,Imojean,Saunderson,metal,708
590,Blondelle,Xerxes,metal,183
591,Lynea,Allina,metal,118
592,Dorothy,Konyn,metal,333
593,Hannis,Lauraine,metal,362
594,Raquela,Papageno,metal,817
595,Elena,Dichy,metal,251
596,Ivett,Lasley,rock,350
597,Gratia,Clarissa,rock,591
598,Adelle,Bach,metal,914
599,Valeda,Celestine,metal,733
600,Tierney,Rebecka,black metal,299
601,Elie,Corrine,black metal,767
602,Brandise,Ioab,metal,904
603,Penelopa,Maurine,black metal,128
604,Kaja,Olnee,metal,987
605,Maridel,Brittani,rock,228
606,June,Othilia,rock,474
607,Elise,Helve,rock,897
608,Joy,Carlson,black metal,476
609,Karlee,Erlandson,metal,908
610,Glynnis,Etom,metal,323
611,Brana,Sherrie,metal,528
612,Sarette,Mauer,metal,625
613,Melisent,Garbe,black metal,755
614,Gertrud,My,black metal,396
615,Ileana,Kylander,rock,223
616,Beverley,Rodmann,metal,439
617,Gaylene,Jaylene,rock,941
618,Alia,Bivins,rock,527
619,Belva,Riva,black metal,208
620,Riannon,Lipson,rock,854
621,Mureil,Ardeha,metal,406
622,Valeda,Nore,black metal,354
623,Karolina,Klotz,black metal,440
624,Deirdre,Flyn,metal,170
625,Nonnah,Moseley,rock,485
626,Kittie,Guildroy,rock,798
627,Clo,Maxi,black metal,567
628,Chastity,Schwejda,metal,37
629,Caritta,Fillbert,metal,564
630,Myriam,Gavrila,rock,932
631,Xylina,Clara,rock,537
632,Lonnie,Giule,rock,242
633,Lusa,Wu,black metal,942
634,Tarra,Pozzy,metal,895
635,Barbi,Rurik,rock,498
636,Teddie,Clie,metal,119
637,Marita,Pond,rock,626
638,Kore,Maxi,black metal,395
639,Aryn,Parette,rock,151
640,Annecorinne,Idelia,rock,159
641,Lucille,Eliathas,rock,196
642,Minne,Payson,black metal,587
643,Bettine,Dudley,metal,58
644,Hope,Sprage,rock,802
645,Ginnie,Phyllis,rock,511
646,Clo,Jorgan,rock,603
647,Raquela,Colyer,rock,626
648,Karolina,Infield,black metal,88
649,Claresta,Larochelle,black metal,28
650,Konstance,Fancie,black metal,733
651,Donnie,Estella,rock,560
652,Beth,Dorine,rock,309
653,Collen,Gabrielli,metal,379
654,Marcelline,Baylor,rock,155
655,Janeczka,Darbie,metal,73
656,Etta,Skurnik,black metal,753
657,Dolli,Sprage,black metal,101
658,Larine,Cohdwell,metal,618
659,Viviene,Louanna,metal,260
660,Morganica,Bivins,rock,10
661,Mathilda,Monk,black metal,319
662,Susette,Skurnik,rock,6
663,Sean,Linskey,rock,671
664,Aigneis,Bryna,rock,299
665,Perry,Adamsen,black metal,327
666,Linet,Cordi,rock,787
667,Margarette,Plato,rock,290
668,Janenna,Afton,rock,338
669,Etta,Dituri,metal,313
670,Sabina,Plato,metal,315
671,Rhoda,Baudin,black metal,990
672,Barbi,Gemini,metal,818
673,Josephine,Willie,metal,140
674,Melina,Riva,black metal,657
675,Dulcinea,Boehike,rock,903
676,Bobinette,Screens,black metal,724
677,Benita,Gerge,rock,200
678,Millie,Joachim,rock,233
679,Michaelina,Abram,metal,472
680,Dorice,Wiener,rock,434
681,Shauna,Sprage,metal,267
682,Fred,Karylin,rock,190
683,Philis,Pyle,metal,52
684,Albertina,Vharat,rock,472
685,Xylina,Brady,metal,50
686,Deedee,Mata,metal,209
687,Fanchon,Lia,black metal,74
688,Ayn,Mayeda,black metal,292
689,Dennie,Pearse,black metal,407
690,Maurene,Mott,black metal,60
691,Dolli,Hartnett,rock,820
692,Sharai,Yorick,black metal,581
693,Romona,Denis,rock,312
694,Aurore,Bebe,rock,396
695,Dianemarie,Prober,metal,817
696,Merci,Sprage,metal,122
697,Adele,Kristi,metal,567
698,Hettie,Gillan,metal,473
699,Tatiania,Nedrud,black metal,17
700,Vevay,Kevon,rock,34
701,Andree,Naashom,black metal,720
702,Ariela,Han,black metal,912
703,Valeda,Jerald,rock,992
704,Marline,Olnee,rock,141
705,Karena,Berne,black metal,278
706,Fayre,Sisile,metal,41
707,Eolanda,Hutchison,metal,855
708,Cam,Cutlerr,metal,824
709,Roseline,Stefa,black metal,515
710,Goldie,Marsden,rock,56
711,Penelopa,Standing,rock,825
712,Kara-Lynn,Graig,rock,426
713,Layla,Brian,black metal,248
714,Patricia,Henrie,rock,927
715,Florencia,Anderea,rock,103
716,Netty,Regan,metal,144
717,Fred,Hirsch,metal,708
718,Ileana,Blisse,rock,646
719,Nananne,Laurianne,black metal,908
720,Lilith,Frendel,black metal,186
721,Halette,Seligman,rock,669
722,Karlee,Arley,black metal,20
723,Andree,Dudley,rock,917
724,Edith,Sidonius,black metal,66
725,Elbertina,Leonard,rock,174
726,Jemie,Maiah,metal,985
727,Di,Vilma,rock,954
728,Madalyn,Koziara,black metal,604
729,Janenna,Hartnett,metal,170
730,Aeriela,Sigfrid,rock,487
731,Myriam,Seagraves,metal,368
732,Felice,Bivins,black metal,697
733,Doralynne,Izaak,rock,280
734,Louella,Faust,black metal,817
735,Willetta,Pettiford,metal,556
736,Lusa,Tomasina,metal,833
737,Winny,Chrystel,metal,614
738,Lexine,Ramona,metal,258
739,Joeann,Strephon,rock,843
740,Hildegaard,Terrence,black metal,565
741,Melina,Ophelia,rock,703
742,Debee,Bobbee,black metal,408
743,Mellicent,Yoko,black metal,515
744,Dulce,Lemuela,rock,102
745,Kerrin,Clywd,black metal,876
746,Henriette,Moina,rock,351
747,Doro,Ioab,black metal,586
748,Jenilee,Alexandr,black metal,66
749,Beverley,Carbo,metal,975
750,Nelle,Marden,rock,616
751,Elsie,Thunell,black metal,101
752,Annaliese,Lenny,rock,849
753,Ana,Bari,metal,224
754,Alameda,Magnolia,metal,650
755,Ronna,Ilka,metal,685
756,Jillayne,Hertzfeld,black metal,877
757,Libbie,Jaylene,metal,870
758,Nannie,Sibyls,metal,548
759,Riannon,Jobi,metal,160
760,Reeba,Cloris,metal,668
761,Annabela,Ranjiv,black metal,334
762,Agnese,Bashemeth,rock,646
763,Lenna,Nea,rock,953
764,Viviene,Sophronia,metal,978
765,Katleen,Rocray,black metal,45
766,Chastity,Love,black metal,250
767,Tina,O'Carroll,metal,900
768,Ermengarde,Harday,rock,667
769,Juliane,Aida,black metal,207
770,Vita,Moina,black metal,825
771,Marti,Craggie,rock,681
772,Marguerite,Dominy,black metal,433
773,Ginnie,Chabot,metal,984
774,Renie,Vivle,metal,756
775,Nicoli,Tryck,black metal,41
776,Leia,Percy,black metal,636
777,Carilyn,Lacombe,black metal,852
778,Peri,Mitzi,rock,922
779,Sara-Ann,Presber,rock,149
780,Kayla,Norrie,metal,588
781,Violet,Selway,metal,545
782,Tamqrah,Hebner,rock,217
783,Tabbatha,Herrera,black metal,80
784,Ashlee,Schroth,rock,921
785,Jerry,Felizio,metal,846
786,Rosabelle,Publia,metal,770
787,Alexine,Andrel,rock,252
788,Tressa,Mata,black metal,428
789,Maryellen,Markman,metal,961
790,Ilse,Morehouse,black metal,740
791,Chrystel,Sancho,black metal,361
792,Mathilda,Martsen,black metal,346
793,Sharlene,Hashim,metal,63
794,Margette,Magdalen,black metal,726
795,Gwyneth,My,metal,815
796,Fina,Elo,black metal,391
797,Vonny,Linehan,metal,394
798,Elbertina,Gunn,metal,975
799,Myrtice,Phi,metal,915
800,Kittie,Publia,metal,810
801,Winifred,Leffen,rock,76
802,Dacia,Nicoline,rock,713
803,Laurene,Parette,rock,843
804,Henriette,Zeeba,metal,754
805,Sybille,Ogren,black metal,455
806,Lisette,Daegal,rock,398
807,Tierney,Rozanna,black metal,863
808,Jacquetta,Frendel,metal,430
809,Benita,Oscar,rock,560
810,Shell,Regan,black metal,46
811,Elka,Anastatius,metal,416
812,Debee,Voletta,black metal,241
813,Cam,Edvard,black metal,532
814,Inga,Fitzsimmons,black metal,222
815,Deedee,Imelida,black metal,884
816,Janeczka,Cullin,rock,932
817,Elvira,Krystle,black metal,587
818,Jessy,Killigrew,rock,967
819,Alisha,Dom,rock,699
820,Layla,Jillane,rock,834
821,Nadine,Audly,metal,749
822,Sibella,Melony,black metal,113
823,Keelia,Ethban,metal,51
824,Felice,Moseley,black metal,915
825,Kayla,McAdams,rock,474
826,Wynne,Pacorro,metal,622
827,Ekaterina,Prouty,black metal,825
828,Elise,Ashely,metal,641
829,Paola,Buffum,rock,756
830,Leona,Lorenz,metal,140
831,Maisey,Sholley,black metal,955
832,Alameda,Girardo,metal,678
833,Addia,Gregrory,black metal,606
834,Candi,Medrek,metal,691
835,Elie,Harday,rock,230
836,Hettie,Bandeen,black metal,702
837,Lacie,Sherrie,black metal,639
838,Mamie,Vilma,black metal,626
839,Feliza,Wu,rock,417
840,Judy,Trace,metal,382
841,Tatiania,Emerson,black metal,614
842,Glenda,Saree,rock,72
843,Linzy,Garek,rock,42
844,Clementine,Joli,black metal,358
845,Maurene,Kylander,metal,403
846,Donnie,Love,metal,946
847,Eolanda,Alexandr,rock,673
848,Elise,Aida,black metal,260
849,Corly,Shelba,rock,887
850,Helsa,Parette,black metal,101
851,Tamqrah,Chandler,metal,762
852,Lily,Rosette,metal,969
853,Mathilda,Hebner,rock,126
854,Myriam,Markman,black metal,706
855,Kenna,Weaks,black metal,246
856,Madeleine,Pitt,rock,516
857,Lexine,Fillbert,rock,787
858,Alexine,Lesley,metal,486
859,Danika,Loring,black metal,906
860,Donnie,Shields,metal,680
861,Emma,Alrich,black metal,918
862,Ardenia,Nester,metal,528
863,Ernesta,Granoff,black metal,465
864,Merle,Aaberg,rock,194
865,Tatiania,Podvin,black metal,118
866,Tilly,Brotherson,black metal,142
867,Hope,Ailyn,black metal,388
868,Frieda,Raychel,black metal,63
869,Modestia,Ehrman,metal,473
870,Sean,Bow,rock,677
871,Tobe,Lilybelle,metal,387
872,Deedee,Klemperer,black metal,435
873,Oralee,Maisey,rock,832
874,Catharine,Sparhawk,black metal,379
875,Chickie,Wolfgram,metal,269
876,Lanae,Eno,rock,392
877,Leanna,Henrie,rock,64
878,Belva,Uund,metal,806
879,Nanete,Latini,rock,300
880,Brana,Marsden,rock,780
881,Dari,Merell,metal,479
882,Sharai,Bartlett,black metal,630
883,Ulrike,Drisko,metal,773
884,Liana,Lipson,black metal,655
885,Bernie,Brotherson,rock,32
886,Norine,Roarke,metal,996
887,Gerianna,Wiener,black metal,112
888,Nerta,Shuler,rock,611
889,Dania,Natalia,black metal,905
890,Althea,Annabella,metal,109
891,Philis,Casimir,black metal,763
892,Lorne,Ethban,rock,960
893,Ottilie,Cimbura,black metal,477
894,Etta,Amasa,rock,960
895,Cindelyn,Secrest,metal,625
896,Dawn,Sophronia,rock,982
897,Yetty,Isacco,black metal,135
898,Flory,Orlene,black metal,218
899,Sibella,Gino,black metal,375
900,Dulcinea,Ade,metal,886
901,Gerrie,Rustice,black metal,982
902,Gabriellia,Darrell,metal,490
903,Rori,Nerita,black metal,66
904,Nita,Elisha,black metal,122
905,Krystle,Himelman,metal,213
906,Correy,Whittaker,rock,267
907,Nananne,Han,black metal,309
908,Collen,Henrie,rock,394
909,Clary,Jotham,black metal,132
910,Valeda,Noam,black metal,10
911,Florencia,Hathaway,black metal,470
912,Jasmina,Schalles,metal,261
913,Mary,Lamoree,rock,757
914,Clementine,Durante,rock,293
915,Harrietta,Gillan,black metal,204
916,Lynnea,Brotherson,metal,553
917,Feliza,Bluh,metal,705
918,Janenna,Kaete,rock,833
919,Valeda,Blake,metal,221
920,Patricia,Kamaria,black metal,449
921,Yetty,Drisko,rock,232
922,Cordi,Bethany,rock,52
923,Maisey,Iiette,rock,297
924,Estell,Berne,metal,455
925,Jobi,Jarib,rock,180
926,Augustine,Paton,black metal,859
927,Tiffie,Peti,black metal,935
928,Flo,Adalbert,black metal,396
929,Berta,Cristi,black metal,675
930,Dennie,Joachim,black metal,340
931,Brianna,Harned,metal,568
932,Kimberley,Olin,rock,320
933,Wanda,Vary,metal,259
934,Shandie,Susannah,metal,117
935,Belva,Esmaria,metal,10
936,Loree,Seumas,black metal,370
937,Wanda,Astra,metal,498
938,Caressa,Raychel,black metal,598
939,Netty,Drus,black metal,74
940,Sonni,Hazlett,black metal,716
941,Miquela,Connelly,black metal,343
942,Philis,Clywd,metal,225
943,Clary,Himelman,metal,395
944,Wilma,Korey,metal,244
945,Margarette,Jalbert,rock,181
946,Dorthy,Dimitris,metal,690
947,Minne,Morgun,rock,323
948,Andeee,Scammon,metal,307
949,Joy,Urias,rock,698
950,Tierney,Shaddock,black metal,679
951,Kathy,Azeria,metal,240
952,Katuscha,Smitt,metal,977
953,Randa,Melleta,black metal,416
954,Nickie,Bendick,rock,665
955,Cyb,Llovera,metal,86
956,Catrina,Brieta,black metal,21
957,Shel,Sidonius,metal,512
958,Misha,Sidonius,rock,477
959,Morganica,Himelman,rock,829
960,Janeczka,Prouty,black metal,387
961,Dagmar,Travax,metal,833
962,Roslyn,Timon,black metal,817
963,Tabbatha,Lutero,black metal,932
964,Glenda,Ehrman,metal,585
965,Isa,Durware,black metal,182
966,Trixi,Schroth,rock,521
967,Mureil,Bertold,metal,724
968,Nonnah,Sothena,black metal,304
969,Adriana,Felizio,metal,177
970,Emmey,Nahum,rock,906
971,Ekaterina,Obed,rock,247
972,Sonni,Persse,metal,801
973,Emylee,Elo,metal,999
974,Shirlee,Konyn,metal,450
975,Natka,Goth,rock,472
976,Dagmar,Posner,metal,549
977,Kimberley,McLaughlin,rock,844
978,Gabriellia,Matthew,black metal,332
979,Elise,Dimitris,metal,862
980,Larine,Magdalen,rock,228
981,Belinda,Mott,rock,932
982,Nickie,Tremayne,black metal,519
983,Janey,Hashim,rock,806
984,Thalia,Emmy,rock,388
985,Marinna,Darbie,metal,656
986,Tami,Penelopa,black metal,456
987,Mureil,Junie,rock,733
988,Deloria,Lory,rock,85
989,Rozele,Vernier,black metal,371
990,Jessamyn,Dahlia,black metal,480
991,Lonnie,Catie,rock,541
992,Danika,McClimans,metal,382
993,Beth,Evangelia,metal,210
994,Laurene,Lauraine,metal,172
995,Kittie,Quinn,rock,742
996,Sharai,Cornelia,black metal,102
997,Vita,Carolin,rock,991
998,Hettie,Gerge,metal,472
999,June,Emmaline,metal,74
1000,Kathi,Phaidra,metal,806
1001,Kelly,Bollay,metal,376
1002,Eugine,Wyn,black metal,44
1003,Layla,Ingra,metal,39
1004,Dione,Sherfield,black metal,99
1005,Caressa,Hylan,black metal,220
1006,Claresta,Wandie,rock,231
1007,Robinia,Brackely,rock,546
1008,Rhea,Francene,rock,475
1009,Caryl,Sekofski,metal,47
1010,Chickie,Bivins,rock,715
1011,Damaris,Larochelle,black metal,544
1012,Ileana,Chabot,black metal,28
1013,Donetta,Lubin,rock,19
1014,Belinda,Brenn,rock,218
1015,Madeleine,Standing,rock,618
1016,Nadine,Burch,black metal,96
1017,Elyssa,Lowry,metal,246
1018,Deloria,Zina,black metal,151
1019,Paulita,Hessler,black metal,25
1020,Olivette,Fitzsimmons,black metal,825
1021,Rivalee,Hieronymus,black metal,281
1022,Cam,Bivins,rock,534
1023,Maridel,Daveta,rock,474
1024,Dione,Zola,metal,807
1025,Frank,Lilybelle,metal,668
1026,Gabriellia,Corrine,rock,654
1027,Kamilah,Elephus,rock,170
1028,Queenie,Sophronia,rock,728
1029,Ida,Socha,rock,675
1030,Annecorinne,Lumbard,metal,920
1031,Benita,Merna,black metal,183
1032,Renae,Tybald,rock,955
1033,Nickie,Loeb,black metal,727
1034,Brynna,Bergman,metal,331
1035,Tierney,Rugen,black metal,247
1036,Siana,Lorain,black metal,738
1037,Caressa,Fleeta,metal,949
1038,Mignon,Estella,metal,835
1039,Kellen,Alexandr,metal,869
1040,Jan,Chabot,metal,590
1041,Liana,Trey,black metal,753
1042,Farrah,Shama,black metal,908
1043,Cassondra,Gower,rock,4
1044,Brooks,Stanwood,rock,959
1045,Marika,Harl,metal,229
1046,Marita,Millda,metal,745
1047,Nyssa,Madox,metal,193
1048,Zia,Cavan,black metal,520
1049,Carolina,Linskey,metal,611
1050,Anallese,Krystle,metal,938
1051,Corene,Fulmer,black metal,662
1052,Deane,Sallyann,rock,919
1053,Kelly,Amasa,metal,168
1054,Deirdre,Garbe,metal,890
1055,Kristina,Marsden,metal,634
1056,Dorene,Toni,rock,595
1057,Merci,Riordan,black metal,305
1058,Silvana,Hoenack,metal,781
1059,Cissiee,Letsou,rock,582
1060,Marti,Seessel,metal,772
1061,Arlena,Mintz,rock,319
1062,Josephine,Demitria,black metal,681
1063,Gwenneth,Means,black metal,994
1064,Ellette,Chaing,rock,498
1065,Jessamyn,Agle,black metal,183
1066,Jessamyn,Bach,rock,583
1067,Eadie,Raffo,rock,68
1068,Gavrielle,Concha,metal,754
1069,Brandise,Bord,rock,56
1070,Taffy,Alva,black metal,37
1071,Trudie,Hourigan,metal,679
1072,Sissy,Cynar,black metal,871
1073,Ileana,Sinegold,metal,669
1074,Regina,Moina,rock,170
1075,Imojean,Aprile,black metal,76
1076,Christian,Shanley,black metal,459
1077,Concettina,Wesle,metal,384
1078,Margalo,Eben,metal,28
1079,Janeczka,Brackely,metal,849
1080,Dorothy,Telfer,black metal,520
1081,Nannie,Jorgan,rock,222
1082,Celene,Pozzy,black metal,372
1083,Lolita,Chandler,black metal,629
1084,Emma,Thar,metal,804
1085,Henriette,Tjon,metal,661
1086,Elora,Bonilla,rock,591
1087,Kathi,Lynn,metal,636
1088,Alejandra,Lenny,rock,97
1089,Jacquetta,Gabrielli,metal,954
1090,Kenna,Moina,black metal,377
1091,Brandise,Natalia,black metal,652
1092,Ekaterina,Lauraine,black metal,10
1093,Brianna,Emmaline,black metal,81
1094,Hollie,Nahum,rock,309
1095,Asia,Sheng,black metal,302
1096,Dorthy,Daveta,rock,345
1097,Gabi,Yoko,metal,499
1098,Jerry,Selway,black metal,842
1099,Danny,Hedve,rock,676